uid,name,table_num
0817302981,陳X祥,18
0817087189,吳X霖,78
0817170069,盧X昌,40
0817595637,黃X熙,74
0817106325,謝X全,14
0817271285,顏X博,5
0817102981,葉X清,49
0817278549,曾X友,71
0817258133,林X陽,36
0817592533,邱X璇,62
0817550741,鄭X桂,65
0817576085,蔡X娟,76
0817083765,曾X淑,37
0817596229,郭X健,10
1817302981,陳X,18
1817087189,吳X,78
1817170069,盧X,40
1817595637,黃X,74
1817106325,謝X,14
1817271285,顏X,5
1817102981,葉X,49
1817278549,曾X,71
1817258133,林X,36
1817592533,邱X,62
1817550741,鄭X,65
1817576085,蔡X,76
1817083765,曾X,37
1817596229,郭X,10
2817302981,陳祥,18
2817087189,吳霖,78
2817170069,盧昌,40
2817595637,黃熙,74
2817106325,謝全,14
2817271285,顏博,5
2817102981,葉清,49
2817278549,曾友,71
2817258133,林陽,36
2817592533,邱璇,62
2817550741,鄭桂,65
2817576085,蔡娟,76
2817083765,曾淑,37
2817596229,郭健,10
3817302981,陳祥O,18
3817087189,吳霖O,78
3817170069,盧昌O,40
3817595637,黃熙O,74
3817106325,謝全O,14
3817271285,顏博O,5
3817102981,葉清O,49
3817278549,曾友O,71
3817258133,林陽O,36
3817592533,邱璇O,62
3817550741,鄭桂O,65
3817576085,蔡娟O,76
3817083765,曾淑O,37
3817596229,郭健O,10
